Customer_ID,First_Name,Last_Name,Address,Last_Purchase_ID,Phone_Number
10015,Aaron,Bergman...,"73120, Oklahoma, Oklahoma City",FUR-BO-10003966,024/639/8512
10015,Aaron,Bergman...,"73120, Oklahoma, Oklahoma City",FUR-BO-10003966,024/639/8512
10030,Aaron,..Hawkins,"10035, New York, New York City",OFF-LA-10003148,322-684-8989
10030,Aaron,..Hawkins,"10035, New York, New York City",OFF-LA-10003148,322-684-8989
10045,Aaron,1122Smayling,"10035, New York, New York City",OFF-PA-10002709,541|386|7925
10045,Aaron,1122Smayling,"10035, New York, New York City",OFF-PA-10002709,541|386|7925
10060,Adam,//Bellavance,"10009, New York, New York City",OFF-BI-10002160,822-674-8901
10075,Adam,Hart,"10011, New York, New York City",OFF-BI-10003650,
10090,Adam,Shillingsburg,"10011, New York, New York City",FUR-BO-10003272,N/a
10105,Adrian,Barton...,"10011, New York, New York City",OFF-ST-10003994,
10120,Adrian,Hane,"40214, Kentucky, Louisville",OFF-BI-10002735,
10135,Adrian,Shami,"10035, New York, New York City",OFF-BI-10000404,N/a
10150,Aimee,..Bixby,"10701, New York, Yonkers",OFF-AR-10000588,822-674-8901
10165,Alan,Barnes,"37087, Tennessee, Lebanon",OFF-PA-10001033,368-271-4593
10180,Alan,//Dominguez,"10035, New York, New York City",OFF-AR-10004817,322-684-8989
10195,Alan,Haines,"10024, New York, New York City",OFF-BI-10000138,739-965-2287
10210,Alan,Hwang,"10024, New York, New York City",OFF-BI-10001031,483|214|6508
10225,Alan,Schoenberger,"10024, New York, New York City",FUR-FU-10002671,240-829-3742
10240,Alan,12Shonely,"19120, Pennsylvania, Philadelphia",OFF-AP-10003278,861|573|9825
10255,Alejandro,Ballentine,"10009, New York, New York City",OFF-PA-10003465,N/a
10270,Alejandro,Grove,"10011, New York, New York City",TEC-AC-10001314,107/952/0326
10285,Alejandro,Savely,"19134, Pennsylvania, Philadelphia",TEC-PH-10003187,987-425-0810
10300,Aleksandra,Gannaway...,"2038, Massachusetts, Franklin",FUR-BO-10002853,625|238|4707
10315,Alex,Avila,"10011, New York, New York City",FUR-FU-10002456,452-751-1971
10330,Alex,Grayson,"28205, North Carolina, Charlotte",OFF-AR-10001315,078/863/7123
10345,Alex,..Russell,"1841, Massachusetts, Lawrence",OFF-AR-10003338,816-342-5386
10360,Alice,McCarthy,"44105, Ohio, Cleveland",FUR-BO-10004709,
10375,Allen,Armold,"10035, New York, New York City",OFF-BI-10002498,335-017-2567
10390,Allen,//Goldenen,"10009, New York, New York City",OFF-LA-10001175,973|654|1030
10405,Allen,Rosenblatt,"10035, New York, New York City",OFF-PA-10003892,609-786-0294
10420,Alyssa,Crouse,"19120, Pennsylvania, Philadelphia",OFF-EN-10004386,N/a
10435,Alyssa,//Tate,"33319, Florida, Tamarac",OFF-BI-10003166,149/916/8734
10450,Amy,Cox,"10011, New York, New York City",OFF-BI-10001922,843-269-4978
10465,Amy,Hunt,"10035, New York, New York City",OFF-ST-10002214,
10480,Andrew,Allen,"28027, North Carolina, Concord",OFF-PA-10002365,307-535-2159
10495,Andrew,Gjertsen...,"19140, Pennsylvania, Philadelphia",OFF-LA-10002043,899|721|0432
10510,Andrew,..Roberts,"10024, New York, New York City",TEC-AC-10003280,
10525,Andy,1122Gerbode,"10011, New York, New York City",FUR-TA-10003569,423|253|9023
10540,Andy,//Reiter,"10024, New York, New York City",OFF-BI-10003708,180/804/6530
10555,Andy,Yotov,"19140, Pennsylvania, Philadelphia",OFF-AR-10002257,920-156-3873
10570,Anemone,Ratner,"31907, Georgia, Columbus",FUR-FU-10004848,647|075|6110
10585,Angele,Hood...,"33142, Florida, Miami",FUR-CH-10000155,N/a
10600,Ann,Blume,"28540, North Carolina, Jacksonville",FUR-FU-10001546,
10615,Ann,Chong,"10009, New York, New York City",FUR-CH-10003379,N/a
10630,Ann,..Steele,"19120, Pennsylvania, Philadelphia",OFF-FA-10000992,474-872-4364
10645,Anna,Andreadi,"1852, Massachusetts, Lowell",FUR-FU-10002268,541|386|7926
10660,Anna,//Chung,"44134, Ohio, Parma",FUR-CH-10003761,368-271-4594
10675,Anna,Gayman,"24153, Virginia, Salem",OFF-PA-10000249,024/639/8513
10690,Anna,H?berlin,"10024, New York, New York City",OFF-PA-10000474,739-965-2288
10705,Anne,McFarland,"24153, Virginia, Salem",FUR-BO-10003441,483|214|6509
10720,Anne,12Pryor,"10011, New York, New York City",FUR-TA-10001676,240-829-3743
10735,Annie,Thurman,"10009, New York, New York City",FUR-FU-10000308,861|573|9826
10750,Annie,Zypern,"10009, New York, New York City",FUR-CH-10002439,N/a
10765,Anthony,Garverick,"19120, Pennsylvania, Philadelphia",OFF-BI-10003712,107/952/0327
10780,Anthony,Jacobs...,"1915, Massachusetts, Beverly",OFF-AP-10002651,987-425-0811
10795,Anthony,Johnson,"10024, New York, New York City",OFF-BI-10004967,625|238|4708
10810,Anthony,O'Donnell,"90045, California, Los Angeles",FUR-TA-10004152,452-751-1972
10825,Anthony,..Rawles,"10009, New York, New York City",FUR-CH-10002780,078/863/7124
10840,Anthony,Witt,"19140, Pennsylvania, Philadelphia",FUR-FU-10004306,816-342-5387
10855,Arianne,Irving,"10035, New York, New York City",OFF-PA-10002947,
10870,Art,//Ferguson,"33030, Florida, Homestead",OFF-PA-10001977,335-017-2568
10885,Art,Foster,"19134, Pennsylvania, Philadelphia",FUR-BO-10004467,973|654|1031
10900,Arthur,Gainer,"19134, Pennsylvania, Philadelphia",OFF-LA-10003190,609-786-0295
10915,Arthur,//Prichep,"29730, South Carolina, Rock Hill",OFF-FA-10002763,N/a
10930,Arthur,Wiediger,"19143, Pennsylvania, Philadelphia",OFF-LA-10000134,149/916/8735
10945,Ashley,Jarboe,"28403, North Carolina, Wilmington",OFF-AR-10003560,843-269-4979
10960,Astrea,Jones,"10035, New York, New York City",OFF-AP-10004136,
10975,Barbara,Fisher,"10009, New York, New York City",OFF-AR-10004999,307-535-2160
10990,Barry,Blumstein,"43615, Ohio, Toledo",OFF-AP-10002287,899|721|0433
11005,Barry,Franz...,"77506, Texas, Pasadena",FUR-FU-10003691,
11020,Barry,..Franz?sisch,"10024, New York, New York City",TEC-MA-10004552,423|253|9024
11035,Barry,12Gonzalez,"22153, Virginia, Springfield",OFF-AR-10000246,180/804/6531
11050,Barry,//Pond,"2920, Rhode Island, Cranston",OFF-ST-10001837,920-156-3874
11065,Barry,Weirich,"10035, New York, New York City",OFF-PA-10001471,647|075|6111
11080,Bart,Folk,"10024, New York, New York City",OFF-LA-10000248,N/a
11095,Bart,Pistole...,"10024, New York, New York City",FUR-BO-10004015,
11110,Bart,Watters,"10024, New York, New York City",FUR-FU-10003535,N/a
11125,Becky,Castell,"10011, New York, New York City",FUR-CH-10000225,474-872-4365
11140,Becky,..Martin,"10024, New York, New York City",FUR-FU-10001602,541|386|7927
11155,Becky,Pak,"10011, New York, New York City",OFF-PA-10004438,368-271-4595
11170,Ben,//Ferrer,"1841, Massachusetts, Lawrence",FUR-TA-10003473,024/639/8514
11185,Ben,Peterman,"19120, Pennsylvania, Philadelphia",OFF-PA-10000528,739-965-2289
11200,Ben,Wallace,"10011, New York, New York City",FUR-CH-10000553,483|214|6510
11215,Benjamin,Farhat,"10035, New York, New York City",FUR-FU-10004091,240-829-3744
11230,Benjamin,1Patterson,"45373, Ohio, Troy",TEC-PH-10001530,861|573|9827
11245,Benjamin,Venier,"11572, New York, Oceanside",FUR-FU-10000629,N/a
11260,Berenike,Kampe,"10035, New York, New York City",OFF-PA-10001019,107/952/0328
11275,Beth,Fritzler,"31907, Georgia, Columbus",OFF-AP-10003278,987-425-0812
11290,Beth,Paige...,"19140, Pennsylvania, Philadelphia",OFF-BI-10004632,625|238|4709
11305,Beth,Thompson,"54880, Wisconsin, Superior",OFF-AR-10000203,452-751-1973
11320,Bill,Donatelli,"19143, Pennsylvania, Philadelphia",FUR-CH-10000988,078/863/7125
11335,Bill,..Eplett,"10009, New York, New York City",OFF-PA-10001033,816-342-5388
11350,Bill,Overfelt,"19134, Pennsylvania, Philadelphia",FUR-FU-10004245,
11365,Bill,Shonely,"10011, New York, New York City",FUR-CH-10000988,335-017-2569
11380,Bill,//Stewart,"10011, New York, New York City",OFF-BI-10003718,973|654|1032
11395,Bill,Tyler,"16602, Pennsylvania, Altoona",OFF-AR-10002257,609-786-0296
11410,Bobby,Elias,"33178, Florida, Miami",OFF-PA-10003395,N/a
11425,Bobby,//Odegard,"10024, New York, New York City",OFF-AR-10000817,149/916/8736
11440,Bobby,Trafton,"10035, New York, New York City",FUR-BO-10003272,843-269-4980
11455,Brad,Eason,"2908, Rhode Island, Providence",FUR-CH-10001973,
11470,Brad,Norvell,"19143, Pennsylvania, Philadelphia",OFF-FA-10001229,307-535-2161
11485,Brad,Thomas,"19140, Pennsylvania, Philadelphia",FUR-FU-10001037,899|721|0434
11500,Bradley,Drucker,"23223, Virginia, Richmond",OFF-AP-10001563,
11515,Bradley,Nguyen,"10009, New York, New York City",FUR-FU-10004960,423|253|9025
11530,Bradley,Talbott,"10024, New York, New York City",OFF-ST-10004946,180/804/6532
11545,Brenda,Bowman...,"21044, Maryland, Columbia",FUR-CH-10002331,920-156-3875
11560,Brendan,..Dodson,"22153, Virginia, Springfield",TEC-AC-10000358,647|075|6112
11575,Brendan,1122Murry,"10035, New York, New York City",FUR-BO-10004709,N/a
11590,Brendan,//Sweed,"10011, New York, New York City",OFF-AP-10001962,
11605,Brian,Dahlen,"17602, Pennsylvania, Lancaster",FUR-CH-10000454,N/a
11620,Brian,DeCherney,"10035, New York, New York City",OFF-BI-10001524,474-872-4366
11635,Brian,Derr,"10009, New York, New York City",FUR-CH-10003535,541|386|7928
11650,Brian,Moss,"10009, New York, New York City",OFF-PA-10000357,368-271-4596
11665,Brian,Stugart,"19143, Pennsylvania, Philadelphia",TEC-AC-10000158,024/639/8515
11680,Brian,Thompson,"20735, Maryland, Clinton",FUR-FU-10002918,739-965-2290
11695,Brooke,Gillingham,"10009, New York, New York City",OFF-AR-10001615,483|214|6511
11710,Brosina,Hoffman,"19140, Pennsylvania, Philadelphia",TEC-AC-10000387,240-829-3745
11725,Bruce,Degenhardt,"31907, Georgia, Columbus",OFF-ST-10003716,861|573|9828
11740,Bruce,Geld,"19120, Pennsylvania, Philadelphia",FUR-FU-10001473,N/a
11755,Bruce,Stewart,"19143, Pennsylvania, Philadelphia",FUR-FU-10003878,107/952/0329
11770,Bryan,Davis,"10011, New York, New York City",OFF-ST-10002276,987-425-0813
11785,Bryan,Mills,"14609, New York, Rochester",OFF-AR-10002656,625|238|4710
11800,Bryan,Spruell...,"10011, New York, New York City",OFF-AR-10004344,452-751-1974
11815,Candace,..McMahon,"77506, Texas, Pasadena",OFF-PA-10004609,078/863/7126
11845,Cari,1122Sayre,"60623, Illinois, Chicago",OFF-BI-10002353,816-342-5389
11860,Cari,//Schnelling,"10011, New York, New York City",OFF-AR-10001026,
11875,Carl,Jackson,"19140, Pennsylvania, Philadelphia",OFF-AR-10004269,335-017-2570
11890,Carl,Ludwig,"19143, Pennsylvania, Philadelphia",OFF-PA-10000380,973|654|1033
11905,Carl,Weiss...,"11561, New York, Long Beach",OFF-FA-10003472,609-786-0297
11920,Carlos,Daly,"10024, New York, New York City",OFF-PA-10004948,N/a
11935,Carlos,Meador,"28314, North Carolina, Fayetteville",FUR-BO-10002213,149/916/8737
11950,Carlos,..Soltero,"10024, New York, New York City",FUR-FU-10001934,843-269-4981
11965,Carol,Adams,"2886, Rhode Island, Warwick",TEC-CO-10002095,
11980,Carol,//Darley,"10011, New York, New York City",OFF-PA-10003302,307-535-2162
11995,Carol,Triggs,"1841, Massachusetts, Lawrence",FUR-CH-10004675,899|721|0435
12010,Caroline,Jumper,"10009, New York, New York City",FUR-CH-10002084,
12025,Cassandra,Brandow,"19134, Pennsylvania, Philadelphia",OFF-EN-10001509,423|253|9026
12040,Catherine,12Glotzbach,"10024, New York, New York City",OFF-LA-10003121,180/804/6533
12055,Cathy,Armstrong,"10009, New York, New York City",OFF-BI-10001524,920-156-3876
12070,Cathy,Hwang,"19143, Pennsylvania, Philadelphia",OFF-PA-10003309,647|075|6113
12085,Cathy,Prescott,"10024, New York, New York City",TEC-PH-10000673,N/a
12100,Chad,Cunningham...,"19120, Pennsylvania, Philadelphia",OFF-BI-10001308,
12115,Chad,McGuire,"10011, New York, New York City",FUR-FU-10004018,N/a
12130,Chad,Sievert,"78745, Texas, Austin",OFF-ST-10000107,474-872-4367
12145,Charles,..Crestani,"73120, Oklahoma, Oklahoma City",OFF-PA-10003270,541|386|7929
12160,Charles,McCrossin,"19134, Pennsylvania, Philadelphia",OFF-BI-10004364,368-271-4597
12175,Charles,Sheldon,"37421, Tennessee, Chattanooga",OFF-BI-10003669,024/639/8516
12190,Charlotte,//Melton,"13501, New York, Utica",TEC-PH-10002583,739-965-2291
12205,Chloris,Kastensmidt,"11550, New York, Hempstead",OFF-AR-10003772,483|214|6512
12220,Chris,Cortes,"10024, New York, New York City",FUR-CH-10003298,240-829-3746
12235,Chris,//McAfee,"13601, New York, Watertown",OFF-BI-10003656,861|573|9829
12250,Chris,Selesnick,"10024, New York, New York City",OFF-ST-10001558,N/a
12265,Christina,Anderson,"10024, New York, New York City",OFF-PA-10000477,107/952/0330
12280,Christina,DeMoss,"10024, New York, New York City",FUR-CH-10004875,987-425-0814
12295,Christina,VanderZanden,"10011, New York, New York City",FUR-FU-10004748,625|238|4711
12310,Christine,Abelman,"45231, Ohio, Cincinnati",OFF-EN-10004386,452-751-1975
12325,Christine,Kargatis,"23320, Virginia, Chesapeake",FUR-CH-10003379,078/863/7127
12340,Christine,Phan,"10009, New York, New York City",OFF-BI-10000848,816-342-5390
12355,Christine,Sundaresam,"10024, New York, New York City",FUR-BO-10003441,
12370,Christopher,Conant,"10011, New York, New York City",FUR-FU-10004091,335-017-2571
12385,Christopher,Martinez,"29406, South Carolina, North Charleston",OFF-ST-10001809,973|654|1034
12400,Christopher,Schild,"19134, Pennsylvania, Philadelphia",TEC-PH-10001795,609-786-0298
12415,Christy,Brittain,"10009, New York, New York City",OFF-PA-10004092,N/a
12430,Chuck,Clark,"10009, New York, New York City",FUR-FU-10001934,149/916/8738
12445,Chuck,Magee...,"77095, Texas, Houston",FUR-CH-10002372,843-269-4982
12460,Chuck,..Sachs,"10009, New York, New York City",OFF-BI-10001524,
12475,Cindy,3Chapman,"10024, New York, New York City",OFF-BI-10000315,307-535-2163
12490,Cindy,//Schnelling,"10009, New York, New York City",OFF-AR-10001573,899|721|0436
12505,Cindy,Stewart,"27360, North Carolina, Thomasville",OFF-SU-10000381,
12520,Claire,Gute,"42420, Kentucky, Henderson",FUR-BO-10001798,423|253|9027
12535,Claudia,Bergmann...,"05408, Vermont, Burlington",OFF-AR-10003477,180/804/6534
12550,Clay,Cheatham,"75023, Texas, Plano",OFF-PA-10003729,920-156-3877
12565,Clay,Ludtke,"10009, New York, New York City",OFF-AR-10002445,647|075|6114
12580,Clay,..Rozendal,"10009, New York, New York City",OFF-BI-10004187,N/a
12595,Clytie,Kelty,"10024, New York, New York City",OFF-EN-10001099,
12610,Corey,//Catlett,"19134, Pennsylvania, Philadelphia",OFF-BI-10000301,N/a
12625,Corey,Roper,"31907, Georgia, Columbus",FUR-CH-10001146,474-872-4368
12640,Corey-Lock,(ריק),"19143, Pennsylvania, Philadelphia",OFF-LA-10000452,541|386|7930
12655,Corinna,Mitchell,"10011, New York, New York City",OFF-LA-10001569,368-271-4598
12670,Craig,12Carreira,"10009, New York, New York City",OFF-BI-10003460,024/639/8517
12685,Craig,Carroll,"10011, New York, New York City",OFF-BI-10002012,739-965-2292
12700,Craig,Leslie,"10009, New York, New York City",TEC-AC-10002800,483|214|6513
12715,Craig,Molinari,"19140, Pennsylvania, Philadelphia",FUR-FU-10001095,240-829-3747
12730,Craig,Reiter...,"10009, New York, New York City",OFF-AP-10000828,861|573|9830
12745,Craig,Yedwab,"38401, Tennessee, Columbia",TEC-PH-10001944,N/a
12760,Cyma,Kinney,"10011, New York, New York City",OFF-AR-10003582,107/952/0331
12775,Cynthia,..Arntzen,"19140, Pennsylvania, Philadelphia",FUR-CH-10001394,987-425-0815
12790,Cynthia,Delaney,"6484, Connecticut, Shelton",OFF-PA-10004285,625|238|4712
12805,Cynthia,Voltz,"10024, New York, New York City",FUR-CH-10003396,452-751-1976
12820,Cyra,//Reiten,"10035, New York, New York City",OFF-PA-10002377,078/863/7128
12835,Damala,Kotsonis,"10024, New York, New York City",OFF-AR-10001955,816-342-5391
12850,Dan,Campbell,"10011, New York, New York City",OFF-AR-10002833,
12865,Dan,//Lawera,"10011, New York, New York City",OFF-AP-10004336,335-017-2572
12880,Dan,Reichenbach,"10009, New York, New York City",OFF-BI-10004094,973|654|1035
12895,Dana,Kaydos,"33023, Florida, Miramar",FUR-FU-10001488,609-786-0299
12910,Daniel,Byrd...,"31907, Georgia, Columbus",FUR-FU-10003274,N/a
12925,Daniel,..Lacy,"11561, New York, Long Beach",FUR-FU-10003142,149/916/8739
12940,Daniel,1122Raglin,"2038, Massachusetts, Franklin",FUR-CH-10003817,843-269-4983
12955,Dario,//Medina,"37211, Tennessee, Nashville",OFF-AP-10001271,
12970,Darren,Budd,"10024, New York, New York City",FUR-CH-10003746,307-535-2164
12985,Darren,Koutras,"37075, Tennessee, Hendersonville",FUR-FU-10000087,899|721|0437
13000,Darren,Powers,"10035, New York, New York City",OFF-AR-10001725,
13015,Darrin,Martin,"10009, New York, New York City",FUR-TA-10001039,423|253|9028
13030,Darrin,Sayre,"10009, New York, New York City",OFF-SU-10000646,180/804/6535
13045,Darrin,Van Huff,"19143, Pennsylvania, Philadelphia",FUR-CH-10001797,920-156-3878
13060,Dave,Brooks,"1852, Massachusetts, Lowell",OFF-ST-10003306,647|075|6115
13075,Dave,Hallsten,"10035, New York, New York City",OFF-BI-10003656,N/a
13090,Dave,Kipp,"11561, New York, Long Beach",TEC-PH-10000923,
13105,Dave,Poirier,"10035, New York, New York City",OFF-BI-10003694,N/a
13120,David,Bremer,"14609, New York, Rochester",OFF-LA-10002271,474-872-4369
13135,David,Flashing,"10009, New York, New York City",OFF-PA-10003302,541|386|7931
13150,David,Kendrick,"10009, New York, New York City",OFF-BI-10001524,368-271-4599
13165,David,Philippe...,"10035, New York, New York City",FUR-BO-10003272,024/639/8518
13180,David,..Smith,"14701, New York, Jamestown",TEC-AC-10000736,739-965-2293
13195,David,22Wiener,"37918, Tennessee, Knoxville",OFF-AR-10002833,483|214|6514
13210,Dean,//Braden,"19134, Pennsylvania, Philadelphia",FUR-CH-10000309,240-829-3748
13225,Dean,Katz,"10011, New York, New York City",FUR-TA-10002958,861|573|9831
13240,Dean,percer,"10035, New York, New York City",OFF-ST-10001505,N/a
13255,Deanra,Eno...,"44107, Ohio, Lakewood",OFF-AR-10002804,107/952/0332
13270,Deborah,Brumfield,"10009, New York, New York City",OFF-AR-10001044,987-425-0816
13285,Debra,Catini,"23223, Virginia, Richmond",FUR-FU-10000175,625|238|4713
13300,Deirdre,..Greer,"10035, New York, New York City",OFF-EN-10003055,452-751-1977
13315,Delfina,Latchford,"10024, New York, New York City",OFF-EN-10003296,078/863/7129
13330,Denise,//Leinenbach,"10009, New York, New York City",OFF-AR-10004441,816-342-5392
13345,Denise,Monton,"10024, New York, New York City",FUR-CH-10003968,
13360,Dennis,Bolton,"10009, New York, New York City",FUR-CH-10004983,335-017-2573
13375,Dennis,Kane,"10024, New York, New York City",TEC-PH-10002075,973|654|1036
13390,Dennis,12Pardue,"19120, Pennsylvania, Philadelphia",OFF-AR-10001860,609-786-0300
13405,Denny,Blanton,"10011, New York, New York City",OFF-AR-10001683,N/a
13420,Denny,Joy,"31088, Georgia, Warner Robins",FUR-CH-10001482,149/916/8740
13435,Denny,Ordway,"10035, New York, New York City",OFF-ST-10004123,843-269-4984
13450,Dianna,Arnett...,"20016, District of Columbia, Washington",FUR-FU-10004973,
13465,Dianna,Vittorini,"11561, New York, Long Beach",OFF-LA-10003766,307-535-2165
13480,Dianna,Wilson,"40214, Kentucky, Louisville",OFF-BI-10003364,899|721|0438
13495,Dionis,..Lloyd,"10024, New York, New York City",OFF-EN-10002986,
13510,Don,Jones,"10024, New York, New York City",OFF-LA-10001297,423|253|9029
13525,Don,Miller,"10035, New York, New York City",FUR-FU-10000277,180/804/6536
13540,Don,//Weiss,"10024, New York, New York City",OFF-AR-10002956,920-156-3879
13555,Dorothy,Badders,"19711, Delaware, Newark",FUR-BO-10003660,647|075|6116
13570,Dorothy,Dickinson,"19134, Pennsylvania, Philadelphia",OFF-LA-10004178,N/a
13585,Dorothy,//Wardle,"28314, North Carolina, Fayetteville",FUR-BO-10003433,
13600,Dorris,liebe,"10035, New York, New York City",FUR-CH-10000454,N/a
13615,Doug,Bickford,"28205, North Carolina, Charlotte",OFF-ST-10000676,474-872-4370
13630,Doug,Jacobs,"10009, New York, New York City",FUR-CH-10001708,541|386|7932
13645,Doug,O'Connell,"1841, Massachusetts, Lawrence",OFF-PA-10000552,368-271-4600
13660,Duane,Benoit,"11572, New York, Oceanside",FUR-FU-10001037,024/639/8519
13675,Duane,Huffman,"2169, Massachusetts, Quincy",FUR-FU-10004006,739-965-2294
13690,Duane,Noonan,"10011, New York, New York City",OFF-PA-10003823,483|214|6515
13705,Ed,Braxton,"10024, New York, New York City",OFF-BI-10003274,240-829-3749
13720,Ed,Jacobs,"19143, Pennsylvania, Philadelphia",OFF-ST-10003816,861|573|9832
13735,Ed,Ludwig,"21044, Maryland, Columbia",OFF-BI-10001078,N/a
13750,Edward,Becker,"10011, New York, New York City",FUR-CH-10003774,107/952/0333
13765,Edward,Hooks,"10009, New York, New York City",FUR-FU-10000732,987-425-0817
13780,Edward,Nazzal,"10009, New York, New York City",OFF-AP-10004540,625|238|4714
13795,Eileen,Kiefer,"60610, Illinois, Chicago",TEC-AC-10004761,452-751-1978
13810,Eleni,McCrary,"10009, New York, New York City",FUR-TA-10001539,078/863/7130
13825,Elizabeth,Moffitt,"30328, Georgia, Sandy Springs",OFF-PA-10002195,816-342-5393
13840,Ellis,Ballard,"10035, New York, New York City",OFF-ST-10003324,
13855,Elpida,Rittenbach,"28205, North Carolina, Charlotte",FUR-TA-10002533,335-017-2574
13870,Emily,Burns,"10035, New York, New York City",FUR-CH-10003199,973|654|1037
13885,Emily,Ducich,"10011, New York, New York City",FUR-CH-10002073,609-786-0301
13900,Emily,Grady,"11572, New York, Oceanside",FUR-CH-10002965,N/a
13915,Emily,Phan,"10011, New York, New York City",TEC-CO-10001046,149/916/8741
13930,Eric,Barreto,"23223, Virginia, Richmond",FUR-FU-10003731,843-269-4985
13945,Eric,Hoffmann,"19120, Pennsylvania, Philadelphia",OFF-BI-10003364,
13960,Eric,Murdock,"19134, Pennsylvania, Philadelphia",TEC-AC-10003657,307-535-2166
13975,Erica,Bern,"27405, North Carolina, Greensboro",OFF-BI-10002557,899|721|0439
13990,Erica,Hackney,"10009, New York, New York City",FUR-CH-10003817,
14005,Erica,Hernandez,"19143, Pennsylvania, Philadelphia",OFF-EN-10003040,423|253|9030
14020,Erica,Smith,"10035, New York, New York City",TEC-AC-10002402,180/804/6537
14035,Erin,Ashbrook,"10011, New York, New York City",FUR-FU-10001861,920-156-3880
14050,Erin,Creighton,"10024, New York, New York City",OFF-PA-10002741,647|075|6117
14065,Erin,Mull...,"10009, New York, New York City",OFF-ST-10004634,N/a
14080,Erin,..Smith,"19134, Pennsylvania, Philadelphia",OFF-PA-10001125,
14095,Eudokia,1122Martin,"10024, New York, New York City",OFF-ST-10001031,N/a
14110,Eugene,//Barchas,"10035, New York, New York City",OFF-EN-10001539,474-872-4371
14125,Eugene,Hildebrand,"14609, New York, Rochester",OFF-AR-10002804,541|386|7933
14140,Eugene,Moren,"19711, Delaware, Newark",OFF-BI-10000309,368-271-4601
14155,Eva,Jacobs...,"2038, Massachusetts, Franklin",FUR-FU-10002045,024/639/8520
14170,Evan,Bailliet,"28205, North Carolina, Charlotte",OFF-LA-10001641,739-965-2295
14185,Evan,Henry,"10035, New York, New York City",OFF-BI-10004600,483|214|6516
14200,Evan,..Minnotte,"23464, Virginia, Virginia Beach",OFF-FA-10003021,240-829-3750
14215,Filia,McAdams,"19140, Pennsylvania, Philadelphia",OFF-ST-10004804,861|573|9833
14230,Frank,//Atkinson,"27604, North Carolina, Raleigh",FUR-FU-10000076,N/a
14245,Frank,Carlisle,"33012, Florida, Hialeah",OFF-ST-10001321,107/952/0334
14260,Frank,Gastineau,"10009, New York, New York City",OFF-AP-10001962,987-425-0818
14275,Frank,Hawley,"10024, New York, New York City",OFF-BI-10003925,625|238|4715
14290,Frank,12Merwin,"19140, Pennsylvania, Philadelphia",OFF-AR-10001954,452-751-1979
14305,Frank,Olsen,"10035, New York, New York City",OFF-BI-10003669,078/863/7131
14320,Frank,Preis,"10009, New York, New York City",FUR-CH-10000454,816-342-5394
14335,Fred,Chung,"19140, Pennsylvania, Philadelphia",OFF-ST-10002583,
14350,Fred,Harton...,"30318, Georgia, Atlanta",OFF-AP-10000828,335-017-2575
14365,Fred,Hopkins,"10009, New York, New York City",TEC-PH-10000702,973|654|1038
14380,Fred,McMath,"10024, New York, New York City",OFF-ST-10000419,609-786-0302
14395,Fred,..Wasserman,"10011, New York, New York City",TEC-PH-10003988,N/a
14410,Gary,Hansen,"37075, Tennessee, Hendersonville",OFF-BI-10003314,149/916/8742
14425,Gary,Hwang,"32216, Florida, Jacksonville",OFF-BI-10001098,843-269-4986
14440,Gary,//McGarr,"10009, New York, New York City",FUR-BO-10001918,
14455,Gary,Mitchum,"2038, Massachusetts, Franklin",FUR-FU-10002501,307-535-2167
14470,Gary,Zandusky,"21044, Maryland, Columbia",FUR-FU-10004306,899|721|0440
14485,Gene,//Hale,"75080, Texas, Richardson",FUR-FU-10003664,
14500,Gene,McClure,"11572, New York, Oceanside",OFF-BI-10000088,423|253|9031
14515,George,Ashbrook,"10011, New York, New York City",FUR-CH-10001891,180/804/6538
14530,George,Bell,"13021, New York, Auburn",OFF-PA-10002250,920-156-3881
14545,George,Zrebassa...,"1841, Massachusetts, Lawrence",OFF-ST-10001321,647|075|6118
14560,Georgia,..Rosenberg,"19805, Delaware, Wilmington",FUR-BO-10000362,N/a
14575,Giulietta,1122Baptist,"10011, New York, New York City",FUR-FU-10003347,
14590,Giulietta,//Dortch,"19143, Pennsylvania, Philadelphia",OFF-PA-10001204,N/a
14605,Giulietta,Weimer,"10024, New York, New York City",TEC-PH-10000011,474-872-4372
14620,Grace,Kelly,"27405, North Carolina, Greensboro",OFF-AR-10001446,541|386|7934
14635,Grant,Thornton...,"10009, New York, New York City",OFF-BI-10001116,368-271-4602
14650,Greg,Guthrie,"10035, New York, New York City",TEC-PH-10000439,024/639/8521
14665,Greg,Hansen,"60610, Illinois, Chicago",OFF-SU-10002537,739-965-2296
14680,Greg,..Matthias,"10011, New York, New York City",FUR-BO-10003034,483|214|6517
14695,Greg,Maxwell,"22304, Virginia, Alexandria",OFF-AR-10000127,240-829-3751
14710,Greg,//Tran,"10024, New York, New York City",OFF-BI-10001989,861|573|9834
14725,Guy,Armstrong,"19120, Pennsylvania, Philadelphia",TEC-AC-10004859,N/a
14740,Guy,Phonely,"1453, Massachusetts, Leominster",OFF-BI-10000343,107/952/0335
14755,Guy,Thornton,"61107, Illinois, Rockford",OFF-BI-10001524,987-425-0819
14770,Hallie,12Redmond,"10035, New York, New York City",TEC-PH-10003655,625|238|4716
14785,Harold,Dahlen,"19143, Pennsylvania, Philadelphia",OFF-AR-10003183,452-751-1980
14800,Harold,Engle,"19711, Delaware, Newark",FUR-FU-10001057,078/863/7132
14815,Harold,Pawlan,"10024, New York, New York City",FUR-CH-10004287,816-342-5395
14830,Harold,Ryan...,"10009, New York, New York City",OFF-ST-10001291,
14845,Harry,Greene,"10024, New York, New York City",FUR-BO-10003034,335-017-2576
14860,Harry,Marie,"10024, New York, New York City",FUR-FU-10000320,973|654|1039
14875,Heather,..Jas,"32216, Florida, Jacksonville",OFF-PA-10004675,609-786-0303
14890,Heather,Kirkland,"19711, Delaware, Newark",FUR-CH-10002439,N/a
14905,Helen,Abelman,"10024, New York, New York City",OFF-BI-10002867,149/916/8743
14920,Helen,//Andreada,"19120, Pennsylvania, Philadelphia",TEC-AC-10003116,843-269-4987
14935,Helen,Wasserman,"10024, New York, New York City",OFF-AP-10000576,
14950,Henia,Zydlo,"10024, New York, New York City",OFF-PA-10002741,307-535-2168
14965,Henry,//Goldwyn,"19143, Pennsylvania, Philadelphia",OFF-BI-10001597,899|721|0441
14980,Henry,MacAllister,"10009, New York, New York City",OFF-BI-10004654,
14995,Herbert,Flentye,"21215, Maryland, Baltimore",FUR-BO-10003159,423|253|9032
15010,Hilary,Holden,"94110, California, San Francisco",FUR-FU-10003878,180/804/6539
15025,Hunter,Glantz,"11572, New York, Oceanside",FUR-CH-10002602,920-156-3882
15040,Hunter,Lopez,"14609, New York, Rochester",OFF-ST-10002214,647|075|6119
15055,Ionia,McGrath...,"89115, Nevada, Las Vegas",OFF-PA-10001804,N/a
15070,Irene,..Maddox,"10009, New York, New York City",OFF-FA-10004076,
15085,Ivan,12Gibson,"6360, Connecticut, Norwich",OFF-AP-10000179,N/a
15100,Ivan,//Liston,"19805, Delaware, Wilmington",FUR-BO-10002598,474-872-4373
15115,Jack,Garza,"28205, North Carolina, Charlotte",TEC-AC-10002331,541|386|7935
15130,Jack,Lebron,"10801, New York, New Rochelle",OFF-BI-10002103,368-271-4603
15145,Jack,O'Briant...,"14215, New York, Buffalo",FUR-FU-10003268,024/639/8522
15160,James,Galang,"10024, New York, New York City",OFF-BI-10003684,739-965-2297
15175,James,Lanier,"37421, Tennessee, Chattanooga",TEC-MA-10003493,483|214|6518
15190,Jamie,..Frazer,"10024, New York, New York City",OFF-BI-10004236,240-829-3752
15205,Jamie,Kunitz,"14304, New York, Niagara Falls",TEC-PH-10004912,861|573|9835
15220,Jane,//Waco,"1841, Massachusetts, Lawrence",FUR-FU-10001025,N/a
15235,Janet,Lee,"10035, New York, New York City",FUR-BO-10001608,107/952/0336
15250,Janet,Martin,"10009, New York, New York City",FUR-FU-10004848,987-425-0820
15265,Janet,Molinari,"10024, New York, New York City",OFF-FA-10000304,625|238|4717
15280,Jas,1O'Carroll,"19120, Pennsylvania, Philadelphia",OFF-BI-10003529,452-751-1981
15295,Jason,Fortune-,"48310, Michigan, Sterling Heights",OFF-AR-10004078,078/863/7133
15310,Jason,Gross,"2908, Rhode Island, Providence",FUR-BO-10003660,816-342-5396
15325,Jason,Klamczynski,"75220, Texas, Dallas",OFF-EN-10001509,
15340,Jasper,Cacioppo...,"10024, New York, New York City",OFF-BI-10000343,335-017-2577
15355,Jay,Fein,"14609, New York, Rochester",OFF-AP-10003971,973|654|1040
15370,Jay,Kimmel,"10035, New York, New York City",FUR-CH-10002961,609-786-0304
15385,Jenna,..Caffey,"98031, Washington, Kent",FUR-FU-10002937,N/a
15400,Jennifer,Braxton,"10009, New York, New York City",OFF-ST-10001526,149/916/8744
15415,Jennifer,Ferguson,"10024, New York, New York City",OFF-BI-10001922,843-269-4988
15430,Jennifer,//Halladay,"27217, North Carolina, Burlington",OFF-AR-10000203,
15445,Jennifer,Jackson,"10035, New York, New York City",OFF-AP-10002578,307-535-2169
15460,Jennifer,Patt,"10009, New York, New York City",OFF-PA-10001184,899|721|0442
15475,Jeremy,//Ellison,"10024, New York, New York City",OFF-AR-10001915,
15490,Jeremy,Farry,"10009, New York, New York City",FUR-CH-10001545,423|253|9033
15505,Jeremy,Lonsdale,"10035, New York, New York City",FUR-BO-10002268,180/804/6540
15520,Jeremy,Pistek,"32127, Florida, Port Orange",OFF-EN-10002621,920-156-3883
15535,Jessica,Myrick,"10011, New York, New York City",OFF-PA-10004782,647|075|6120
15550,Jesus,Ocampo,"19013, Pennsylvania, Chester",OFF-AR-10001118,N/a
15565,Jill,Fjeld,"10024, New York, New York City",FUR-CH-10001802,
15580,Jill,Matthias,"21215, Maryland, Baltimore",OFF-BI-10002414,N/a
15595,Jill,Stevenson...,"33180, Florida, Miami",TEC-PH-10000984,474-872-4374
15610,Jim,..Epp,"30318, Georgia, Atlanta",OFF-BI-10000474,541|386|7936
15625,Jim,1122Karlsson,"10024, New York, New York City",FUR-BO-10002613,368-271-4604
15640,Jim,//Kriz,"10009, New York, New York City",OFF-AR-10001761,024/639/8523
15655,Jim,Mitchum,"44052, Ohio, Lorain",OFF-BI-10003982,739-965-2298
15670,Jim,Radford,"6457, Connecticut, Middletown",OFF-ST-10002574,483|214|6519
15685,Jim,Sink,"10035, New York, New York City",OFF-BI-10004728,240-829-3753
15700,Jocasta,Rupert,"32216, Florida, Jacksonville",TEC-PH-10004586,861|573|9836
15715,Joe,Elijah,"10009, New York, New York City",FUR-CH-10002331,N/a
15730,Joe,Kamberova,"28540, North Carolina, Jacksonville",OFF-PA-10001790,107/952/0337
15745,Joel,Eaton,"20852, Maryland, Rockville",FUR-CH-10001270,987-425-0821
15760,Joel,Jenkins,"22153, Virginia, Springfield",OFF-AP-10000696,625|238|4718
15775,John,Castell,"10011, New York, New York City",OFF-PA-10000791,452-751-1982
15790,John,Dryer,"32216, Florida, Jacksonville",OFF-ST-10004459,078/863/7134
15805,John,Grady,"10024, New York, New York City",OFF-AR-10003045,816-342-5397
15820,John,Huston,"10009, New York, New York City",OFF-EN-10004459,
15835,John,Lee,"10011, New York, New York City",OFF-BI-10003314,335-017-2578
15850,John,Lucas...,"10035, New York, New York City",OFF-AP-10002311,973|654|1041
15865,John,..Murray,"14701, New York, Jamestown",TEC-PH-10002885,609-786-0305
15880,John,1122Stevenson,"30318, Georgia, Atlanta",OFF-BI-10003274,N/a
15895,Jonathan,//Doherty,"10024, New York, New York City",FUR-FU-10000747,149/916/8745
15910,Jonathan,Howell,"30318, Georgia, Atlanta",FUR-FU-10003975,843-269-4989
15925,Joni,Blumstein,"43017, Ohio, Dublin",FUR-FU-10000087,
15940,Joni,Sundaresam...,"19134, Pennsylvania, Philadelphia",OFF-LA-10000973,307-535-2170
15955,Joni,Wasserman,"11561, New York, Long Beach",OFF-AR-10003602,899|721|0443
15970,Joseph,Airdo,"10550, New York, Mount Vernon",OFF-EN-10001539,
15985,Joseph,..Holt,"28027, North Carolina, Concord",FUR-TA-10000198,423|253|9034
16000,Joy,Bell-,"19140, Pennsylvania, Philadelphia",OFF-LA-10003720,180/804/6541
16015,Joy,//Daniels,"10009, New York, New York City",TEC-AC-10002323,920-156-3884
16030,Joy,Smith,"39401, Mississippi, Hattiesburg",FUR-BO-10003546,647|075|6121
16045,Julia,Barnett,"19120, Pennsylvania, Philadelphia",OFF-BI-10002982,N/a
16060,Julia,Dunbar,"55901, Minnesota, Rochester",OFF-BI-10001071,
16075,Julia,12West,"19140, Pennsylvania, Philadelphia",OFF-AR-10001955,N/a
16090,Juliana,Krohn,"40214, Kentucky, Louisville",FUR-CH-10001891,474-872-4375
16105,Julie,Creighton,"14609, New York, Rochester",FUR-FU-10000771,541|386|7937
16120,Julie,Kriz,"10009, New York, New York City",FUR-BO-10002598,368-271-4605
16135,Julie,Prescott...,"10011, New York, New York City",OFF-BI-10004654,024/639/8524
16150,Justin,Deggeller,"10011, New York, New York City",OFF-AP-10003849,739-965-2299
16165,Justin,Ellison,"29406, South Carolina, North Charleston",FUR-FU-10002364,483|214|6520
16180,Justin,..Hirsh,"10035, New York, New York City",FUR-CH-10000422,240-829-3754
16195,Justin,MacKendrick,"13601, New York, Watertown",FUR-FU-10002116,861|573|9837
16210,Justin,Ritter,"32216, Florida, Jacksonville",TEC-AC-10003198,N/a
16225,Kalyca,//Meade,"10011, New York, New York City",FUR-FU-10000965,107/952/0338
16240,Karen,Bern,"19140, Pennsylvania, Philadelphia",OFF-EN-10000483,987-425-0822
16255,Karen,Carlisle,"10009, New York, New York City",OFF-AR-10003190,625|238|4719
16270,Karen,//Daniels,"10024, New York, New York City",FUR-FU-10001967,452-751-1983
16285,Karen,Ferguson,"30328, Georgia, Sandy Springs",OFF-AR-10000034,078/863/7135
16300,Karen,Seio,"27604, North Carolina, Raleigh",OFF-AP-10000390,816-342-5398
16315,Karl,Braun,"11520, New York, Freeport",OFF-AR-10000411,
16330,Katharine,Harms,"10024, New York, New York City",OFF-BI-10003669,335-017-2579
16345,Katherine,Ducich,"10009, New York, New York City",OFF-AR-10000658,973|654|1042
16360,Katherine,Hughes,"19143, Pennsylvania, Philadelphia",FUR-FU-10001940,609-786-0306
16375,Katherine,Murray,"22204, Virginia, Arlington",OFF-BI-10003694,N/a
16390,Katherine,Nockton,"10011, New York, New York City",FUR-TA-10001932,149/916/8746
16405,Katrina,Bavinger,"10035, New York, New York City",FUR-CH-10004626,843-269-4990
16420,Katrina,Edelman,"10035, New York, New York City",OFF-PA-10000501,
16435,Katrina,Willman,"10009, New York, New York City",FUR-CH-10000785,307-535-2171
16450,Kean,Nguyen,"21215, Maryland, Baltimore",FUR-FU-10003535,899|721|0444
16465,Kean,Takahito,"27604, North Carolina, Raleigh",OFF-PA-10000682,
16480,Kean,Thornton...,"14215, New York, Buffalo",OFF-AR-10000369,423|253|9035
16495,Keith,..Dawkins,"10009, New York, New York City",OFF-FA-10001754,180/804/6542
16510,Keith,3Herrera,"22204, Virginia, Arlington",FUR-FU-10003464,920-156-3885
16525,Kelly,//Andreada,"10024, New York, New York City",OFF-PA-10002137,647|075|6122
16540,Kelly,Collister,"43055, Ohio, Newark",FUR-FU-10002253,N/a
16555,Kelly,Lampkin,"27405, North Carolina, Greensboro",FUR-TA-10004575,
16570,Kelly,Williams...,"37042, Tennessee, Clarksville",OFF-AP-10000696,N/a
16585,Ken,Black,"1852, Massachusetts, Lowell",TEC-PH-10004700,474-872-4376
16600,Ken,Brennan,"10009, New York, New York City",TEC-PH-10004389,541|386|7938
16615,Ken,..Dana,"10024, New York, New York City",OFF-BI-10001510,368-271-4606
16630,Ken,Heidel,"20735, Maryland, Clinton",OFF-BI-10000962,024/639/8525
16645,Ken,//Lonsdale,"10035, New York, New York City",OFF-ST-10004459,739-965-2300
16660,Khloe,Miller,"19140, Pennsylvania, Philadelphia",FUR-FU-10004864,483|214|6521
16675,Kimberly,Carter,"32303, Florida, Tallahassee",FUR-CH-10003833,240-829-3755
16690,Kristen,Hastings,"22153, Virginia, Springfield",OFF-AR-10001573,861|573|9838
16705,Kristina,12Nunn,"10009, New York, New York City",OFF-EN-10001990,N/a
16720,Kunst,Miller,"10035, New York, New York City",OFF-AR-10004022,107/952/0339
16735,Larry,Blacks,"32303, Florida, Tallahassee",OFF-PA-10003651,987-425-0823
16750,Larry,Hughes,"19140, Pennsylvania, Philadelphia",OFF-BI-10000050,625|238|4720
16765,Larry,Tron...,"45014, Ohio, Fairfield",OFF-PA-10000241,452-751-1984
16780,Laura,Armstrong,"21215, Maryland, Baltimore",FUR-FU-10000965,078/863/7136
16795,Laurel,Beltran,"19805, Delaware, Wilmington",OFF-BI-10002897,816-342-5399
16810,Laurel,..Elliston,"19711, Delaware, Newark",OFF-ST-10001505,
16825,Laurel,Workman,"10024, New York, New York City",OFF-AP-10001005,335-017-2580
16840,Lauren,Leatherbury,"14609, New York, Rochester",FUR-FU-10001424,973|654|1043
16855,Lela,//Donovan,"60653, Illinois, Chicago",OFF-AR-10001547,609-786-0307
16870,Lena,Cacioppo,"23223, Virginia, Richmond",FUR-TA-10002533,N/a
16885,Lena,Creighton,"10009, New York, New York City",OFF-BI-10003527,149/916/8747
16900,Lena,//Hernandez,"10009, New York, New York City",OFF-BI-10004716,843-269-4991
16915,Lena,Radford,"27707, North Carolina, Durham",FUR-FU-10000576,
16930,Linda,Cazamias,"10011, New York, New York City",OFF-AR-10001868,307-535-2172
16945,Linda,Southworth...,"19140, Pennsylvania, Philadelphia",OFF-LA-10004853,899|721|0445
16960,Lindsay,..Castell,"10024, New York, New York City",OFF-AP-10000804,
16975,Lindsay,1122Shagiari,"10035, New York, New York City",FUR-TA-10004154,423|253|9036
16990,Lindsay,//Williams,"28110, North Carolina, Monroe",FUR-FU-10001967,180/804/6543
17005,Lisa,DeCherney,"10011, New York, New York City",FUR-FU-10000521,920-156-3886
17020,Lisa,Hazard,"43229, Ohio, Columbus",TEC-PH-10003931,647|075|6123
17035,Lisa,Ryan,"11561, New York, Long Beach",OFF-LA-10001158,N/a
17050,Liz,Carlisle,"40475, Kentucky, Richmond",FUR-CH-10000015,
17065,Liz,MacKendrick,"10024, New York, New York City",OFF-AR-10002399,N/a
17080,Liz,Pelletier,"85705, Arizona, Tucson",FUR-FU-10001731,474-872-4377
17095,Liz,Preis,"37918, Tennessee, Knoxville",OFF-AR-10001897,541|386|7939
17110,Liz,Thompson,"28540, North Carolina, Jacksonville",OFF-AR-10003752,368-271-4607
17125,Liz,Willingham,"23464, Virginia, Virginia Beach",FUR-FU-10003806,024/639/8526
17140,Logan,Currie,"10035, New York, New York City",FUR-FU-10004864,739-965-2301
17155,Logan,Haushalter,"45231, Ohio, Cincinnati",FUR-FU-10002937,483|214|6522
17170,Lori,Olson,"10035, New York, New York City",OFF-EN-10004386,240-829-3756
17185,Luke,Foster,"10011, New York, New York City",FUR-CH-10001146,861|573|9839
17200,Luke,Schmidt...,"19140, Pennsylvania, Philadelphia",FUR-FU-10002088,N/a
17215,Luke,..Weiss,"10035, New York, New York City",FUR-CH-10002024,107/952/0340
17230,Lycoris,22Saunders,"19901, Delaware, Dover",FUR-FU-10004017,987-425-0824
17245,Lynn,//Smith,"13501, New York, Utica",OFF-BI-10001031,625|238|4721
17260,Magdelene,Morse,"10801, New York, New Rochelle",FUR-CH-10001394,452-751-1985
17275,Marc,Crier,"10011, New York, New York City",FUR-TA-10003837,078/863/7137
17290,Marc,Harrigan...,"19140, Pennsylvania, Philadelphia",FUR-TA-10004086,816-342-5400
17305,Maria,Bertelson,"10009, New York, New York City",FUR-CH-10002335,
17320,Maria,Etezadi,"22153, Virginia, Springfield",OFF-PA-10001776,335-017-2581
17335,Maria,..Zettner,"85023, Arizona, Phoenix",FUR-FU-10001488,973|654|1044
17350,Maribeth,Dona,"19143, Pennsylvania, Philadelphia",FUR-FU-10001468,609-786-0308
17365,Maribeth,//Schnelling,"10035, New York, New York City",FUR-CH-10003535,N/a
17380,Maribeth,Yedwab,"10011, New York, New York City",FUR-FU-10001290,149/916/8748
17395,Marina,Lichtenstein,"19134, Pennsylvania, Philadelphia",OFF-EN-10003068,843-269-4992
17410,Maris,LaWare,"19143, Pennsylvania, Philadelphia",FUR-CH-10003774,
17425,Mark,12Cousins,"10035, New York, New York City",FUR-FU-10000087,307-535-2173
17440,Mark,Haberlin,"10035, New York, New York City",OFF-AR-10001545,899|721|0446
17455,Mark,Hamilton,"10011, New York, New York City",OFF-BI-10002954,
17470,Mark,Packer,"10009, New York, New York City",OFF-BI-10004528,423|253|9037
17485,Mark,Van Huff...,"10011, New York, New York City",FUR-CH-10000665,180/804/6544
17500,Mary,O'Rourke,"10035, New York, New York City",FUR-BO-10001811,920-156-3887
17515,Mary,Zewe,"10011, New York, New York City",OFF-SU-10003505,647|075|6124
17530,MaryBeth,..Skach,"45014, Ohio, Fairfield",OFF-BI-10001757,N/a
17545,Mathew,Reese,"10024, New York, New York City",OFF-BI-10003910,
17560,Matt,Abelman,"10024, New York, New York City",OFF-LA-10004093,N/a
17575,Matt,//Collins,"19120, Pennsylvania, Philadelphia",TEC-PH-10003072,474-872-4378
17590,Matt,Collister,"13501, New York, Utica",FUR-FU-10002813,541|386|7940
17605,Matt,Connell,"19143, Pennsylvania, Philadelphia",OFF-AR-10003056,368-271-4608
17620,Matt,//Hagelstein,"45231, Ohio, Cincinnati",OFF-PA-10002246,024/639/8527
17635,Matthew,Clasen,"47374, Indiana, Richmond",OFF-EN-10003862,739-965-2302
17650,Matthew,Grinstein,"19143, Pennsylvania, Philadelphia",OFF-FA-10001754,483|214|6523
17665,Maureen,Fritzler,"21044, Maryland, Columbia",FUR-FU-10000794,240-829-3757
17680,Maureen,Gastineau,"19143, Pennsylvania, Philadelphia",TEC-AC-10001090,861|573|9840
17695,Maureen,Gnade,"14215, New York, Buffalo",OFF-SU-10000157,N/a
17710,Maurice,Satty,"36830, Alabama, Auburn",OFF-EN-10003845,107/952/0341
17725,Max,Engle,"19711, Delaware, Newark",OFF-AR-10001044,987-425-0825
17740,Max,Jones,"19140, Pennsylvania, Philadelphia",OFF-AR-10004441,625|238|4722
17755,Max,Ludwig,"23434, Virginia, Suffolk",FUR-FU-10001591,452-751-1986
17770,Maxwell,Schwartz,"10035, New York, New York City",OFF-FA-10003021,078/863/7138
17785,Maya,Herman,"10035, New York, New York City",FUR-FU-10000221,816-342-5401
17800,Meg,O'Connel,"10009, New York, New York City",FUR-FU-10000221,
17815,Meg,Tillman,"10009, New York, New York City",OFF-ST-10003324,335-017-2582
17830,Melanie,Seite,"14609, New York, Rochester",OFF-BI-10003460,973|654|1045
17845,Michael,Chen,"10035, New York, New York City",OFF-FA-10002988,609-786-0309
17860,Michael,Dominguez,"19134, Pennsylvania, Philadelphia",OFF-AR-10001972,N/a
17875,Michael,Grace,"10011, New York, New York City",OFF-AP-10003779,149/916/8749
17890,Michael,Granlund,"20735, Maryland, Clinton",TEC-AC-10004510,843-269-4993
17905,Michael,Kennedy,"32216, Florida, Jacksonville",FUR-FU-10002396,
17920,Michael,Moore,"10011, New York, New York City",FUR-TA-10001889,307-535-2174
17935,Michael,Nguyen,"10009, New York, New York City",FUR-FU-10003623,899|721|0447
17950,Michael,Oakman,"28540, North Carolina, Jacksonville",TEC-AC-10002167,
17965,Michael,Paige,"10011, New York, New York City",TEC-PH-10004165,423|253|9038
17980,Michael,Stewart,"10009, New York, New York City",TEC-PH-10001527,180/804/6545
17995,Michelle,Arnett,"13601, New York, Watertown",FUR-CH-10002647,920-156-3888
18010,Michelle,Ellison,"43302, Ohio, Marion",OFF-ST-10000563,647|075|6125
18025,Michelle,Huthwaite,"14215, New York, Buffalo",FUR-CH-10002647,N/a
18040,Michelle,Lonsdale,"48126, Michigan, Dearborn",FUR-FU-10004245,
18055,Michelle,Moray,"10011, New York, New York City",OFF-PA-10002870,N/a
18070,Michelle,Tran,"74133, Oklahoma, Tulsa",OFF-BI-10003007,474-872-4379
18085,Mick,Brown,"19143, Pennsylvania, Philadelphia",OFF-AR-10003478,541|386|7941
18100,Mick,Crebagga,"10024, New York, New York City",OFF-ST-10001505,368-271-4609
18115,Mick,Hernandez,"10701, New York, Yonkers",TEC-MA-10003173,024/639/8528
18130,Mike,Caudle,"19711, Delaware, Newark",OFF-FA-10004968,739-965-2303
18145,Mike,Gockenbach,"19134, Pennsylvania, Philadelphia",OFF-EN-10001335,483|214|6524
18160,Mike,Kennedy,"23602, Virginia, Newport News",OFF-PA-10000726,240-829-3758
18175,Mike,Pelletier,"10009, New York, New York City",FUR-BO-10003159,861|573|9841
18190,Mike,Vittorini,"10009, New York, New York City",OFF-BI-10000050,N/a
18205,Mitch,Gastineau,"32216, Florida, Jacksonville",FUR-FU-10003829,107/952/0342
18220,Mitch,Webber,"10011, New York, New York City",FUR-BO-10002213,987-425-0826
18235,Mitch,Willingham,"23464, Virginia, Virginia Beach",OFF-BI-10003925,625|238|4723
18250,Monica,Federle,"10035, New York, New York City",FUR-FU-10000320,452-751-1987
18265,Muhammed,Lee,"28314, North Carolina, Fayetteville",OFF-AR-10003504,078/863/7139
18280,Muhammed,MacIntyre,"10009, New York, New York City",OFF-PA-10001033,816-342-5402
18295,Muhammed,Yedwab,"19140, Pennsylvania, Philadelphia",OFF-BI-10002897,
18310,Nancy,Lomonaco,"90045, California, Los Angeles",FUR-CH-10002774,335-017-2583
18325,Naresj,Patel,"10024, New York, New York City",FUR-FU-10001706,973|654|1046
18340,Nat,Carroll,"10035, New York, New York City",OFF-BI-10000822,609-786-0310
18355,Nat,Gilpin,"10011, New York, New York City",FUR-FU-10000010,N/a
18370,Natalie,DeCherney,"10035, New York, New York City",FUR-CH-10000595,149/916/8750
18385,Natalie,Fritzler,"23320, Virginia, Chesapeake",FUR-TA-10003715,843-269-4994
18400,Natalie,Webber,"10024, New York, New York City",FUR-CH-10002647,
18415,Nathan,Cano,"10701, New York, Yonkers",OFF-BI-10003981,307-535-2175
18430,Nathan,Gelder,"45231, Ohio, Cincinnati",OFF-AR-10004757,899|721|0448
18445,Nathan,Mautz,"10011, New York, New York City",OFF-BI-10002412,
18460,Neil,Ducich,"10550, New York, Mount Vernon",OFF-ST-10002615,423|253|9039
18475,Neil,Franz?sisch,"32216, Florida, Jacksonville",OFF-PA-10000176,180/804/6546
18490,Neil,Knudson,"19140, Pennsylvania, Philadelphia",OFF-AR-10001545,920-156-3889
18505,Neola,Schneider,"19140, Pennsylvania, Philadelphia",FUR-CH-10000309,647|075|6126
18520,Neoma,Murray,"10011, New York, New York City",OFF-BI-10002609,N/a
18535,Nick,Crebassa,"23666, Virginia, Hampton",FUR-CH-10001797,
18550,Nick,Radford,"33024, Florida, Pembroke Pines",FUR-BO-10002824,N/a
18565,Nick,Zandusky...,"43229, Ohio, Columbus",FUR-BO-10004709,474-872-4380
18580,Nicole,..Brennan,"19134, Pennsylvania, Philadelphia",OFF-AP-10002191,541|386|7942
18595,Nicole,1122Fjeld,"10009, New York, New York City",FUR-FU-10004622,368-271-4610
18610,Nicole,//Hansen,"19120, Pennsylvania, Philadelphia",OFF-PA-10000327,024/639/8529
18625,Noah,Childs,"17403, Pennsylvania, York",OFF-BI-10004492,739-965-2304
18640,Noel,Staavos,"10009, New York, New York City",FUR-FU-10004864,483|214|6525
18655,Nona,Balk...,"10011, New York, New York City",FUR-TA-10001539,240-829-3759
18670,Nora,Paige,"63116, Missouri, Saint Louis",OFF-AP-10001962,861|573|9842
18685,Nora,Pelletier,"14304, New York, Niagara Falls",OFF-AR-10003770,N/a
18700,Nora,..Preis,"10024, New York, New York City",FUR-TA-10001095,107/952/0343
18715,Odella,Nelson,"19120, Pennsylvania, Philadelphia",OFF-AR-10000634,987-425-0827
18730,Olvera,//Toch,"18018, Pennsylvania, Bethlehem",FUR-BO-10004409,625|238|4724
18745,Pamela,Coakley,"13601, New York, Watertown",FUR-BO-10002613,452-751-1988
18760,Pamela,Stobb,"1810, Massachusetts, Andover",FUR-CH-10002647,078/863/7140
18775,Parhena,Norris,"10009, New York, New York City",FUR-FU-10000629,816-342-5403
18790,Patricia,12Hirasaki,"33801, Florida, Lakeland",FUR-CH-10003379,
18805,Patrick,Bzostek,"84106, Utah, Salt Lake City",OFF-BI-10001628,335-017-2584
18820,Patrick,Gardner,"10009, New York, New York City",OFF-BI-10004519,973|654|1047
18835,Patrick,Jones,"10035, New York, New York City",OFF-PA-10004041,609-786-0311
18850,Patrick,O'Brill...,"19143, Pennsylvania, Philadelphia",FUR-CH-10003312,N/a
18865,Patrick,O'Donnell,"10009, New York, New York City",FUR-BO-10003441,149/916/8751
18880,Patrick,Ryan,"33614, Florida, Tampa",FUR-FU-10000087,843-269-4995
18895,Paul,..Gonzalez,"10035, New York, New York City",OFF-LA-10001317,
18910,Paul,Knutson,"19143, Pennsylvania, Philadelphia",OFF-BI-10000545,307-535-2176
18925,Paul,Lucas,"19140, Pennsylvania, Philadelphia",OFF-BI-10003166,899|721|0449
18940,Paul,//MacIntyre,"22153, Virginia, Springfield",FUR-TA-10002530,
18955,Paul,Prost,"10009, New York, New York City",FUR-CH-10004289,423|253|9040
18970,Paul,Stevenson,"10024, New York, New York City",OFF-AR-10000462,180/804/6547
18985,Paul,//Van Hugh,"2138, Massachusetts, Cambridge",FUR-FU-10001379,920-156-3890
19000,Pauline,Chand,"85224, Arizona, Chandler",OFF-FA-10001883,647|075|6127
19015,Pauline,Johnson,"10024, New York, New York City",FUR-FU-10002364,N/a
19030,Pauline,Webber,"10009, New York, New York City",OFF-PA-10001970,
19045,Penelope,Sewall...,"10011, New York, New York City",OFF-EN-10001532,N/a
19060,Pete,..Armstrong,"33142, Florida, Miami",OFF-BI-10000145,474-872-4381
19075,Pete,1122Kriz,"10011, New York, New York City",FUR-FU-10002937,541|386|7943
19090,Pete,//Takahito,"32216, Florida, Jacksonville",FUR-FU-10000175,368-271-4611
19105,Peter,B?hler,"19140, Pennsylvania, Philadelphia",TEC-AC-10001553,024/639/8530
19120,Peter,Fuller,"10035, New York, New York City",FUR-BO-10002213,739-965-2305
19135,Peter,McVee...,"32216, Florida, Jacksonville",TEC-AC-10002567,483|214|6526
19150,Philip,Brown,"10009, New York, New York City",OFF-LA-10002762,240-829-3760
19165,Philip,Fox,"10035, New York, New York City",TEC-AC-10001590,861|573|9843
19180,Philisse,..Overcash,"10011, New York, New York City",OFF-AP-10002457,N/a
19195,Phillina,Ober,"10011, New York, New York City",OFF-BI-10004492,107/952/0344
19210,Phillip,//Breyer,"19134, Pennsylvania, Philadelphia",OFF-EN-10003040,987-425-0828
19225,Phillip,Flathmann,"30318, Georgia, Atlanta",TEC-PH-10004434,625|238|4725
19240,Pierre,Wener,"19140, Pennsylvania, Philadelphia",OFF-AR-10003481,452-751-1989
19255,Quincy,Jones,"05408, Vermont, Burlington",FUR-BO-10004834,078/863/7141
19270,Rachel,12Payne,"77095, Texas, Houston",FUR-BO-10003965,816-342-5404
19285,Ralph,Arnett,"10024, New York, New York City",FUR-FU-10002045,
19300,Ralph,Kennedy,"14609, New York, Rochester",FUR-TA-10001307,335-017-2585
19315,Ralph,Ritter,"60505, Illinois, Aurora",FUR-CH-10003973,973|654|1048
19330,Randy,Bradley...,"19143, Pennsylvania, Philadelphia",FUR-CH-10004997,609-786-0312
19345,Randy,Ferguson,"10024, New York, New York City",OFF-BI-10002931,N/a
19360,Raymond,Buch,"13021, New York, Auburn",OFF-AR-10000588,149/916/8752
19375,Raymond,..Messe,"05408, Vermont, Burlington",OFF-AP-10000828,843-269-4996
19390,Resi,P?lking,"10009, New York, New York City",OFF-BI-10000666,
19405,Ricardo,Emerson,"44240, Ohio, Kent",OFF-AP-10003281,307-535-2177
19420,Ricardo,//Sperren,"23434, Virginia, Suffolk",FUR-TA-10004575,899|721|0450
19435,Richard,Bierner,"22153, Virginia, Springfield",OFF-AR-10001177,
19450,Richard,Eichhorn,"13021, New York, Auburn",OFF-FA-10000936,423|253|9041
19465,Rick,//Bensley,"10024, New York, New York City",OFF-LA-10002034,180/804/6548
19480,Rick,Duston,"11561, New York, Long Beach",OFF-BI-10003876,920-156-3891
19495,Rick,Hansen,"10009, New York, New York City",OFF-PA-10003936,647|075|6128
19510,Rick,Huthwaite,"2908, Rhode Island, Providence",FUR-CH-10004675,N/a
19525,Rick,Reed,"10035, New York, New York City",OFF-FA-10003495,
19540,Rick,Wilson,"48234, Michigan, Detroit",FUR-CH-10000595,N/a
19555,Ritsa,Hightower...,"28205, North Carolina, Charlotte",OFF-BI-10002429,474-872-4382
19570,Rob,..Beeghly,"28540, North Carolina, Jacksonville",OFF-EN-10002504,541|386|7944
19585,Rob,12Dowd,"10011, New York, New York City",OFF-LA-10001045,368-271-4612
19600,Rob,//Haberlin,"23666, Virginia, Hampton",FUR-FU-10000308,024/639/8531
19615,Rob,Lucas,"19120, Pennsylvania, Philadelphia",FUR-BO-10001519,739-965-2306
19630,Rob,Williams,"10035, New York, New York City",TEC-PH-10002115,483|214|6527
19645,Robert,Barroso...,"30318, Georgia, Atlanta",OFF-PA-10001752,240-829-3761
19660,Robert,Dilbeck,"19134, Pennsylvania, Philadelphia",OFF-LA-10004484,861|573|9844
19675,Robert,Marley,"10011, New York, New York City",FUR-CH-10001797,N/a
19690,Robert,..Waldorf,"19134, Pennsylvania, Philadelphia",OFF-AP-10000159,107/952/0345
19705,Roger,Barcio,"10009, New York, New York City",OFF-AR-10000390,987-425-0829
19720,Roger,//Demir,"10024, New York, New York City",FUR-FU-10004018,625|238|4726
19735,Roland,Fjeld,"10024, New York, New York City",OFF-LA-10004093,452-751-1990
19750,Roland,Murray,"10011, New York, New York City",FUR-FU-10002554,078/863/7142
19765,Roland,Schwarz,"10550, New York, Mount Vernon",OFF-AP-10001154,816-342-5405
19780,Rose,1O'Brian,"22204, Virginia, Arlington",TEC-PH-10001615,
19795,Ross,Baird,"19120, Pennsylvania, Philadelphia",FUR-FU-10000576,335-017-2586
19810,Ross,DeVincentis,"10035, New York, New York City",OFF-PA-10003441,973|654|1049
19825,Roy,Collins,"22304, Virginia, Alexandria",OFF-ST-10002444,609-786-0313
19840,Roy,Franz?sisch...,"10024, New York, New York City",OFF-AP-10004249,N/a
19855,Roy,Phan,"32712, Florida, Apopka",OFF-BI-10000069,149/916/8753
19870,Roy,Skaria,"19120, Pennsylvania, Philadelphia",OFF-FA-10002988,843-269-4997
19885,Ruben,..Ausman,"30605, Georgia, Athens",TEC-AC-10001539,
19900,Ruben,Dartt,"19120, Pennsylvania, Philadelphia",TEC-AC-10003023,307-535-2178
19915,Russell,Applegate,"10011, New York, New York City",OFF-PA-10004092,899|721|0451
19930,Russell,//D'Ascenzo,"60623, Illinois, Chicago",FUR-CH-10000422,
19945,Ryan,Akin,"33178, Florida, Miami",FUR-TA-10001857,423|253|9042
19960,Ryan,Crowe,"21215, Maryland, Baltimore",TEC-PH-10001644,180/804/6549
19975,Sally,//Hughsby,"10011, New York, New York City",OFF-BI-10001191,920-156-3892
19990,Sally,Knutson,"10024, New York, New York City",OFF-AP-10000026,647|075|6129
20005,Sally,Matthias,"10009, New York, New York City",OFF-BI-10000315,N/a
20020,Sam,Craven,"19140, Pennsylvania, Philadelphia",OFF-ST-10001526,
20035,Sam,Zeldin,"10011, New York, New York City",OFF-BI-10000962,N/a
20050,Sample,Company A,"33012, Florida, Hialeah",FUR-BO-10001619,474-872-4383
20065,Sandra,Flanagan,"19140, Pennsylvania, Philadelphia",FUR-CH-10002774,541|386|7945
20080,Sandra,Glassco,"64055, Missouri, Independence",OFF-AP-10001058,368-271-4613
20095,Sanjit,Chand...,"2169, Massachusetts, Quincy",OFF-PA-10004675,024/639/8532
20110,Sanjit,..Engle,"10009, New York, New York City",OFF-AP-10004487,739-965-2307
20125,Sanjit,1122Jacobs,"10009, New York, New York City",OFF-PA-10003441,483|214|6528
20140,Saphhira,//Shifley,"2886, Rhode Island, Warwick",OFF-PA-10002552,240-829-3762
20155,Sara,Luxemburg,"10011, New York, New York City",OFF-AR-10002956,861|573|9845
20170,Sarah,Bern,"10035, New York, New York City",FUR-CH-10000595,N/a
20185,Sarah,Brown,"10024, New York, New York City",FUR-BO-10002213,107/952/0346
20200,Sarah,Foster,"10009, New York, New York City",OFF-AR-10002833,987-425-0830
20215,Sarah,Jordon,"38401, Tennessee, Columbia",OFF-BI-10002824,625|238|4727
20230,Scot,Coram,"1852, Massachusetts, Lowell",OFF-PA-10003656,452-751-1991
20245,Scot,Wooten,"12180, New York, Troy",FUR-CH-10003535,078/863/7143
20260,Scott,Cohen,"10009, New York, New York City",OFF-BI-10001071,816-342-5406
20275,Scott,Williamson,"10009, New York, New York City",OFF-BI-10002557,
20290,Sean,Braxton,"19134, Pennsylvania, Philadelphia",FUR-FU-10000758,335-017-2587
20305,Sean,Christensen,"19140, Pennsylvania, Philadelphia",FUR-CH-10003379,973|654|1050
20320,Sean,Miller,"18103, Pennsylvania, Allentown",OFF-BI-10004519,609-786-0314
20335,Sean,O'Donnell,"11550, New York, Hempstead",FUR-CH-10002372,N/a
20350,Sean,Wendt...,"44105, Ohio, Cleveland",OFF-BI-10001670,149/916/8754
20365,Seth,..Vernon,"10035, New York, New York City",FUR-CH-10001215,843-269-4998
20380,Shahid,1122Collister,"10035, New York, New York City",FUR-FU-10000010,
20395,Shahid,//Hopkins,"10011, New York, New York City",OFF-SU-10002573,307-535-2179
20410,Shahid,Shariari,"19120, Pennsylvania, Philadelphia",FUR-TA-10002958,899|721|0452
20425,Sharelle,Roach,"10035, New York, New York City",OFF-AR-10002818,
20440,Shaun,Chance...,"10009, New York, New York City",OFF-BI-10004828,423|253|9043
20455,Shaun,Weien,"14609, New York, Rochester",OFF-BI-10000545,180/804/6550
20470,Sheri,Gordon,"10011, New York, New York City",FUR-TA-10000577,920-156-3893
20485,Shirley,..Daniels,"10801, New York, New Rochelle",TEC-MA-10000029,647|075|6130
20500,Shirley,Jackson,"19711, Delaware, Newark",OFF-BI-10002133,N/a
20515,Shirley,//Schmidt,"19711, Delaware, Newark",OFF-AP-10000576,
20530,Shui,Tom,"10035, New York, New York City",OFF-BI-10002026,N/a
20545,Sibella,Parks,"10011, New York, New York City",OFF-ST-10001522,474-872-4384
20560,Skye,Norling,"48066, Michigan, Roseville",OFF-BI-10000773,541|386|7946
20575,Sonia,12Cooley,"2920, Rhode Island, Cranston",OFF-BI-10002735,368-271-4614
20590,Sonia,Sunley,"53711, Wisconsin, Madison",OFF-BI-10004970,024/639/8533
20605,Speros,Goranitis,"10009, New York, New York City",FUR-FU-10002878,739-965-2308
20620,Stefania,Perrino,"10011, New York, New York City",OFF-ST-10003282,483|214|6529
20635,Stefanie,Holloman...,"38301, Tennessee, Jackson",FUR-FU-10003930,240-829-3763
20650,Stephanie,Phelps,"10009, New York, New York City",OFF-AR-10004165,861|573|9846
20665,Stephanie,Ulpright,"10009, New York, New York City",OFF-LA-10001474,N/a
20680,Steve,..Carroll,"31907, Georgia, Columbus",TEC-AC-10000158,107/952/0347
20695,Steve,Chapman,"33012, Florida, Hialeah",OFF-SU-10004664,987-425-0831
20710,Steve,Nguyen,"39212, Mississippi, Jackson",OFF-AR-10003856,625|238|4728
20725,Steven,//Cartwright,"10024, New York, New York City",TEC-PH-10001425,452-751-1992
20740,Steven,Roelle,"10024, New York, New York City",OFF-PA-10000482,078/863/7144
20755,Steven,Ward,"10009, New York, New York City",FUR-BO-10004695,816-342-5407
20770,Stewart,//Carmichael,"19134, Pennsylvania, Philadelphia",FUR-CH-10004287,
20785,Stewart,Visinsky,"05408, Vermont, Burlington",FUR-CH-10000595,335-017-2588
20800,Stuart,Calhoun,"39212, Mississippi, Jackson",TEC-AC-10002323,973|654|1051
20815,Stuart,Van,"33142, Florida, Miami",OFF-PA-10002319,609-786-0315
20830,Sue,Ann Reed,"2149, Massachusetts, Everett",OFF-LA-10002475,N/a
20845,Sung,Chung,"60004, Illinois, Arlington Heights",OFF-AR-10003394,149/916/8755
20860,Sung,Pak,"19134, Pennsylvania, Philadelphia",FUR-FU-10001488,843-269-4999
20875,Sung,Shariari,"1453, Massachusetts, Leominster",OFF-LA-10001641,
20890,Susan,Gilcrest,"10009, New York, New York City",OFF-AR-10001231,307-535-2180
20905,Susan,MacKendrick,"43055, Ohio, Newark",FUR-FU-10001876,899|721|0453
20920,Susan,Pistek,"43229, Ohio, Columbus",FUR-FU-10003424,
20935,Susan,Vittorini,"10009, New York, New York City",TEC-AC-10001432,423|253|9044
20950,Suzanne,McNair,"10009, New York, New York City",OFF-AP-10000595,180/804/6551
20965,Sylvia,Foulston,"19134, Pennsylvania, Philadelphia",OFF-BI-10004094,920-156-3894
20980,Tamara,Chand...,"11561, New York, Long Beach",OFF-BI-10002437,647|075|6131
20995,Tamara,..Dahlen,"10011, New York, New York City",OFF-SU-10001218,N/a
21010,Tamara,3Manning,"13021, New York, Auburn",OFF-AR-10004685,
21025,Tamara,//Willingham,"10011, New York, New York City",OFF-BI-10003984,N/a
21040,Tanja,Norvell,"10009, New York, New York City",TEC-AC-10002402,474-872-4385
21055,Ted,Butterfield,"12180, New York, Troy",FUR-CH-10003968,541|386|7947
21070,Ted,Trevino...,"14609, New York, Rochester",OFF-BI-10002897,368-271-4615
21085,Thais,Sissman,"32174, Florida, Ormond Beach",OFF-BI-10000145,024/639/8534
21100,Thea,Hendricks,"24153, Virginia, Salem",OFF-AR-10003514,739-965-2309
21115,Thea,..Hudgings,"19140, Pennsylvania, Philadelphia",FUR-FU-10001847,483|214|6530
21130,Theone,Pippenger,"19134, Pennsylvania, Philadelphia",OFF-SU-10004115,240-829-3764
21145,Theresa,//Coyne,"8701, New Jersey, Lakewood",FUR-CH-10003606,861|573|9847
21160,Theresa,Swint,"17403, Pennsylvania, York",FUR-CH-10002965,N/a
21175,Thomas,Boland,"10035, New York, New York City",OFF-BI-10003305,107/952/0348
21190,Thomas,Brumley,"10011, New York, New York City",FUR-CH-10004477,987-425-0832
21205,Thomas,12Seio,"28806, North Carolina, Asheville",OFF-ST-10002301,625|238|4729
21220,Thomas,Thornton,"10035, New York, New York City",OFF-BI-10002393,452-751-1993
21235,Tiffany,House,"10024, New York, New York City",FUR-TA-10001676,078/863/7145
21250,Tim,Brockman,"10024, New York, New York City",OFF-PA-10002245,816-342-5408
21265,Tim,Taslimi...,"10024, New York, New York City",OFF-AP-10004532,
21280,Toby,Braunhardt,"10009, New York, New York City",OFF-BI-10004506,335-017-2589
21295,Toby,Carlisle,"10035, New York, New York City",OFF-LA-10004544,973|654|1052
21310,Toby,..Gnade,"10035, New York, New York City",TEC-PH-10000193,609-786-0316
21325,Toby,Ritter,"37211, Tennessee, Nashville",OFF-PA-10000552,N/a
21340,Toby,Swindell,"10024, New York, New York City",FUR-FU-10002456,149/916/8756
21355,Todd,//Boyes,"10009, New York, New York City",FUR-FU-10000397,843-269-5000
21370,Todd,Sumrall,"10035, New York, New York City",FUR-CH-10000785,
21385,Tom,Ashbrook,"10024, New York, New York City",OFF-EN-10002500,307-535-2181
21400,Tom,//Boeckenhauer,"10024, New York, New York City",TEC-MA-10001127,899|721|0454
21415,Tom,Prescott,"11520, New York, Freeport",FUR-FU-10004017,
21430,Tom,Stivers,"19601, Pennsylvania, Reading",FUR-BO-10002545,423|253|9045
21460,Tonja,Turnell...,"28205, North Carolina, Charlotte",TEC-PH-10003171,180/804/6552
21475,Tony,..Chapman,"20016, District of Columbia, Washington",OFF-AR-10000034,920-156-3895
21490,Tony,1122Molinari,"10701, New York, Yonkers",FUR-FU-10004018,647|075|6132
21505,Tony,//Sayre,"3301, New Hampshire, Concord",FUR-FU-10004188,N/a
21520,Tracy,Blumstein,"10009, New York, New York City",OFF-ST-10000563,
21535,Tracy,Collins,"10024, New York, New York City",FUR-FU-10000672,N/a
21550,Tracy,Hopkins,"10009, New York, New York City",FUR-FU-10002253,474-872-4386
21565,Tracy,Poddar,"75019, Texas, Coppell",TEC-PH-10003215,541|386|7948
21580,Tracy,Zic,"80027, Colorado, Louisville",FUR-CH-10000665,368-271-4616
21595,Troy,Blackwell,"45503, Ohio, Springfield",FUR-BO-10004015,024/639/8535
21610,Troy,Staebel,"10024, New York, New York City",OFF-BI-10001036,739-965-2310
21625,Trudy,Brown,"10009, New York, New York City",FUR-FU-10000732,483|214|6531
21640,Trudy,Glocke,"33614, Florida, Tampa",FUR-CH-10002965,240-829-3765
21655,Trudy,Schmidt,"53209, Wisconsin, Milwaukee",OFF-AP-10001205,861|573|9848
21670,Valerie,Dominguez,"10011, New York, New York City",FUR-FU-10000965,N/a
21685,Valerie,Mitchum,"05408, Vermont, Burlington",TEC-PH-10002555,107/952/0349
21700,Valerie,Takahito,"19143, Pennsylvania, Philadelphia",FUR-BO-10004218,987-425-0833
21715,Vicky,Freymann...,"47201, Indiana, Columbus",OFF-PA-10001745,625|238|4730
21730,Victor,..Preis,"10011, New York, New York City",OFF-ST-10001809,452-751-1994
21745,Victoria,22Brennan,"14609, New York, Rochester",FUR-FU-10003806,078/863/7146
21760,Victoria,//Pisteka,"10035, New York, New York City",FUR-FU-10003976,816-342-5409
21775,Victoria,Wilson,"10011, New York, New York City",OFF-ST-10000142,
21790,Vivek,Gonzalez,"32216, Florida, Jacksonville",FUR-BO-10000468,335-017-2590
21805,Vivek,Grady...,"19140, Pennsylvania, Philadelphia",OFF-AR-10004165,973|654|1053
21820,Vivek,Sundaresam,"27604, North Carolina, Raleigh",OFF-AR-10001955,609-786-0317
21835,Vivian,Mathis,"19711, Delaware, Newark",OFF-BI-10000962,N/a
21850,William,..Brown,"10011, New York, New York City",OFF-BI-10002225,149/916/8757
21865,Xylona,Preis,"2149, Massachusetts, Everett",OFF-AR-10001958,843-269-5001
21880,Yana,//Sorensen,"19711, Delaware, Newark",OFF-ST-10002615,
21895,Yoseph,Carroll,"19711, Delaware, Newark",FUR-FU-10002379,307-535-2182
21910,Zuschuss,Carroll,"10024, New York, New York City",OFF-AR-10004456,899|721|0455
21925,Zuschuss,Donatelli,"32216, Florida, Jacksonville",OFF-PA-10004965,
